symbol,company_name,status,announcement,announcement_date,criterion
ALMI,PT Alumindo Light Metal Industry Tbk,Suspensi di Seluruh Pasar,Peng-S-00027/BEI.PLP/10-2025,2025-10-31,I-A V.1.1/V.1.2
CBMF,PT Cahaya Bintang Medan Tbk,Suspensi di Seluruh Pasar,Peng-S-00027/BEI.PLP/10-2025,2025-10-31,I-A V.1.1/V.1.2
COWL,PT Cowell Development Tbk,Suspensi di Seluruh Pasar,Peng-S-00027/BEI.PLP/10-2025,2025-10-31,I-A V.1.1/V.1.2
DEAL,PT Dewata Freightinternational Tbk,Suspensi di Pasar Reguler dan Tunai,Peng-S-00027/BEI.PLP/10-2025,2025-10-31,I-A V.1.1/V.1.2
DUCK,PT Jaya Bersama Indo Tbk,Suspensi di Seluruh Pasar,Peng-S-00027/BEI.PLP/10-2025,2025-10-31,I-A V.1.1/V.1.2
ETWA,PT Eterindo Wahanatama Tbk,Suspensi di Seluruh Pasar,Peng-S-00027/BEI.PLP/10-2025,2025-10-31,I-A V.1.1/V.1.2
FASW,PT Fajar Surya Wisesa Tbk,Suspensi di Pasar Reguler dan Tunai,Peng-S-00027/BEI.PLP/10-2025,2025-10-31,I-A V.1.1/V.1.2
GAMA,PT Aksara Global Development Tbk,Suspensi di Pasar Reguler dan Tunai,Peng-S-00027/BEI.PLP/10-2025,2025-10-31,I-A V.1.1/V.1.2
HKMU,PT HK Metals Utama Tbk,Suspensi di Seluruh Pasar,Peng-S-00027/BEI.PLP/10-2025,2025-10-31,I-A V.1.1/V.1.2
JSKY,PT Sky Energy Indonesia Tbk,Suspensi di Pasar Reguler dan Tunai,Peng-S-00027/BEI.PLP/10-2025,2025-10-31,I-A V.1.1/V.1.2
KAYU,PT Darmi Bersaudara Tbk,Suspensi di Seluruh Pasar,Peng-S-00027/BEI.PLP/10-2025,2025-10-31,I-A V.1.1/V.1.2
KBRI,PT Kertas Basuki Rachmat Indonesia Tbk,Suspensi di Seluruh Pasar,Peng-S-00027/BEI.PLP/10-2025,2025-10-31,I-A V.1.1/V.1.2
KIAS,PT Keramika Indonesia Assosiasi Tbk,Suspensi di Pasar Reguler dan Tunai,Peng-S-00027/BEI.PLP/10-2025,2025-10-31,I-A V.1.1/V.1.2
LCGP,PT Eureka Prima Jakarta Tbk,Suspensi di Seluruh Pasar,Peng-S-00027/BEI.PLP/10-2025,2025-10-31,I-A V.1.1/V.1.2
LMSH,PT Lionmesh Prima Tbk,Suspensi di Pasar Reguler dan Tunai,Peng-S-00027/BEI.PLP/10-2025,2025-10-31,I-A V.1.1/V.1.2
MABA,PT Marga Abhinaya Abadi Tbk,Suspensi di Seluruh Pasar,Peng-S-00027/BEI.PLP/10-2025,2025-10-31,I-A V.1.1/V.1.2
MAGP,PT Multi Agro Gemilang Plantation Tbk,Suspensi di Pasar Reguler dan Tunai,Peng-S-00027/BEI.PLP/10-2025,2025-10-31,I-A V.1.1/V.1.2
MFMI,PT Multifiling Mitra Indonesia Tbk,Suspensi di Pasar Reguler dan Tunai,Peng-S-00027/BEI.PLP/10-2025,2025-10-31,I-A V.1.1/V.1.2
MKNT,PT Mitra Komunikasi Nusantara Tbk,Suspensi di Seluruh Pasar,Peng-S-00027/BEI.PLP/10-2025,2025-10-31,I-A V.1.1/V.1.2
MTRA,PT Mitra Pemuda Tbk,Suspensi di Seluruh Pasar,Peng-S-00027/BEI.PLP/10-2025,2025-10-31,I-A V.1.1/V.1.2
MTSM,PT Metro Realty Tbk,Suspensi di Pasar Reguler dan Tunai,Peng-S-00027/BEI.PLP/10-2025,2025-10-31,I-A V.1.1/V.1.2
MYTX,PT Asia Pacific Investama Tbk,Suspensi di Pasar Reguler dan Tunai,Peng-S-00027/BEI.PLP/10-2025,2025-10-31,I-A V.1.1/V.1.2
NUSA,PT Sinergi Megah Internusa Tbk,Suspensi di Pasar Reguler dan Tunai,Peng-S-00027/BEI.PLP/10-2025,2025-10-31,I-A V.1.1/V.1.2
PLAS,PT Polaris Investama Tbk,Suspensi di Seluruh Pasar,Peng-S-00027/BEI.PLP/10-2025,2025-10-31,I-A V.1.1/V.1.2
PLIN,PT Plaza Indonesia Realty Tbk,Suspensi di Pasar Reguler dan Tunai,Peng-S-00027/BEI.PLP/10-2025,2025-10-31,I-A V.1.1/V.1.2
RIMO,PT Rimo International Lestari Tbk,Suspensi di Seluruh Pasar,Peng-S-00027/BEI.PLP/10-2025,2025-10-31,I-A V.1.1/V.1.2
RSGK,PT Kedoya Adyaraya Tbk,Suspensi di Pasar Reguler dan Tunai,Peng-S-00027/BEI.PLP/10-2025,2025-10-31,I-A V.1.1/V.1.2
SBAT,PT Sejahtera Bintang Abadi Textile Tbk,Suspensi di Seluruh Pasar,Peng-S-00027/BEI.PLP/10-2025,2025-10-31,I-A V.1.1/V.1.2
SIMA,PT Siwani Makmur Tbk,Suspensi di Seluruh Pasar,Peng-S-00027/BEI.PLP/10-2025,2025-10-31,I-A V.1.1/V.1.2
SKYB,PT Northcliff Citranusa Indonesia Tbk,Suspensi di Pasar Reguler dan Tunai,Peng-S-00027/BEI.PLP/10-2025,2025-10-31,I-A V.1.1/V.1.2
SMCB,PT Solusi Bangun Indonesia Tbk,Suspensi di Pasar Reguler dan Tunai,Peng-S-00027/BEI.PLP/10-2025,2025-10-31,I-A V.1.1/V.1.2
SUGI,PT Sugih Energy Tbk,Suspensi di Seluruh Pasar,Peng-S-00027/BEI.PLP/10-2025,2025-10-31,I-A V.1.1/V.1.2
SUPR,PT Solusi Tunas Pratama Tbk,Suspensi di Pasar Reguler dan Tunai,Peng-S-00027/BEI.PLP/10-2025,2025-10-31,I-A V.1.1/V.1.2
TECH,PT Indosterling Technomedia Tbk,Suspensi di Seluruh Pasar,Peng-S-00027/BEI.PLP/10-2025,2025-10-31,I-A V.1.1/V.1.2
TOYS,PT Sunindo Adipersada Tbk,Suspensi di Seluruh Pasar,Peng-S-00027/BEI.PLP/10-2025,2025-10-31,I-A V.1.1/V.1.2
TRIL,PT Triwira Insanlestari Tbk,Suspensi di Seluruh Pasar,Peng-S-00027/BEI.PLP/10-2025,2025-10-31,I-A V.1.1/V.1.2
TRIO,PT Trikomsel Oke Tbk,Suspensi di Seluruh Pasar,Peng-S-00027/BEI.PLP/10-2025,2025-10-31,I-A V.1.1/V.1.2
WICO,PT Wicaksana Overseas International Tbk,Suspensi di Pasar Reguler dan Tunai,Peng-S-00027/BEI.PLP/10-2025,2025-10-31,I-A V.1.1/V.1.2
